202204listing,
Field,Value
Product Title,"Montessori Dinosaur and Letter Holder for Wall - Entryway Rustic Key Rack and Mail Organizer Wall Mount, Minimalistic Style Wooden Wall D¨¦cor, Cloud Shelves with 3 Key Hooks, 8""W*5.3""H*2.64""D (White)"
Bullet Point 0,"Organization Best - No more losing key or mail! The cloud key holder mail sorter is the perfect place to keep all essentials neat and tidy in one spot. 3 key hooks hanging keys, glasses and leashes."
Bullet Point 1,"Unique Apartment Decor Key Hanger - The decorative wall hook cloud shelf is made made with high quality nature white oak, sturdy, durable and stylish, environment friendly and eco-safty."
Bullet Point 2,"A Minimalistic Life Style - This well-designed entryway organizer key and mail holder for wall adds simplify beauty in your home, office or apartment and it can suit air bnb needs."
Bullet Point 3,"Easy Installation - All necessary mounting hardware included for this shelf organizer, using screws or foam tape for a quick installation in your entryway, hallway, kitchen or office."
Bullet Point 4,"Size Matters - This cute small floating shelf is 8""W*5.3""H*2.64""D with 3 key hooks for wall, the perfect fit to your farmhouse decor and is one of the real eye-catcher apartment necessities."
Bullet Point 5,
Bullet Point 6,
Description,"Do you want that vintage farmhouse feel for your entry?  Crystal is too breakable. Stoneware too heavy. Metal isn't appropriate. Plastic is too cheap. The logical choice is our high quality Cloud Mail and Key Hanger for Wall .  A Few Reasons You Will Love our well-designed decorative wall hooks:    Stay on TOP of Bills and Letters   Keep track of incoming and outgoing mail while corralling often-used keys, glasses and leashes with our well-designed Cloud mail and key holder for wall decorative. This stylish farmhouse hanging rack is made of high quality white oak for greater strength, natural wood grains beauty. This hanging mail organizer entryway storage helps instill daily habits for correspondence and deters frantic last-minute searches for house keys or car fobs.  Strong and Versatile  This cute wall hanger is 8?inches wide x 5.3 inches high x 2.64 inches deep with 3 key hooks, and the mail holder wall mount is accommodated to regular as well as oversized envelopes. The cloud floating wall shelf is sturdy and stable, mounting flush to drywall, concrete or brick for a neat appearance.   Amazing Gift Idea for Home Organization  our minimalistic style key mail rack eliminates nuisance clutter on table and countertop. Natural wood grain ensures that the hanging organizer is one of a kind addition to any farmhouse wall decor. This makes it an attractive, thoughtful and handy wedding, housewarming or office opening gift. It comes with 2 sets of high quality concrete anchors and 304 stainless steel screws and a foam tape for easy installation."
Search Terms,
