Listing2022-09-23,
Field,Value
Product Title,"111Cute Duck Feet Ceramic Bowl, Animal Statue Handmade Table Art Sculpture Decorative Bowl for Sundries, Multifunctional as Key Bowl, Fruit Bowl, Candy Bowl, Jewelry Organizer and Cat and Dog Food Bowl"
Bullet Point 0,"Design: This modern minimalist style decorative bowl for home decor is designed to bring a little young at heart. With its cute small duck tail and duck feet, we hope it can light up your day."
Bullet Point 1,"Material: Cast and handicraft by ceramic, the surface is coated with water-base non-toxic paint, has a sturdy, smooth touch. Non-slip pats on the duck feet make it suitable for any surface."
Bullet Point 2,"Multifunction: Can be used as bedroom decor, coffee table decor, kitchen decor, entryway table decor, funny office decor, nightstand decor, bathroom decor, dog and cat food bowl, halloween candy bowl."
Bullet Point 3,"Occasion: Perfect gift idea for holiday and as birthday gift, wedding gift, house warming gift, sister gift, off to college essentials and it can also be the special present for your lovely pet."
Bullet Point 4,Size: This unique home decor is 6.69*5.09*7.09inch / 17*15*18cm (L*W*H) and the diameter of the opening is 5.12inch / 13cm.
Bullet Point 5,Bullet Point 5
Bullet Point 6,Bullet Point 6
Description,The Cute Duck Feet Ceramic Bowl is A Displaying Center Piece to Storage Small Items
,
,
,
,
,
,
,
,
,
,
,
,
,
,
,
Search Terms,key holder ring holder anniversary gift candy dish for office desk candy jar ceramic cat bowl ceramic dog bowl coffee decor cookie jar decorative tray entryway decor jewelry dish jewelry holder jewelry tray key bowl for entryway table key organizer
