Listing2022-09-23,
Field,Value
Product Title,"Me and Mr. Leo 5x7 inch Picture Frame, Solid Wood High Definition Glass for Table Top Display and Wall Mounting Photo Frame"
Bullet Point 0,"Create: This simple, classic photo frame creates an entryway that's stylish, a pratical item to display art and photo prints of friends, family, vacations, and more."
Bullet Point 1,Design: This modern minimalist style photo frame for home decor makes you feel at home and can give guests a friendly welcome without so much as a word and sets the tone for your entire home.
Bullet Point 2,"Material: The frame is made of solid wood, durable and environmentally friendly. Clear high definition real glass protect your photos from dust, moisture and scratches."
Bullet Point 3,Multifunction: Includes an easel-back for displaying on a shelf or table top as well as hooks for hanging on the wall.
Bullet Point 4,"Occasion: Preserving those wonderful memorial, suitable for different occasions like Wedding, Anniversary, Birthday and Various Festivals, perfect gift for family and friends."
Bullet Point 5,"Size: Fits 5x7 inch Photos,Actual Frame size (finished size) is 6.5""*4.5""*1.2"". With a depth of 1.2"", the frame can also be usded as a toy collection display."
Bullet Point 6,"Note: Comes with a real glass face, if it is damaged during transportation, please contact us for replacement, we will reply within 24 hours."
Description,"<b>Decorate Your Home and Office</b><br>
<br>
Me and Mr. Leo picture frames are made for you to print, protect and bring to life your most precious moments.<br>
From pictures and art painting, to certificates and documents, turn your memories into masterpieces with our easy-to-mount frames. <br>
Designed to not just celebrate your cherished moments, but to decor your home for a unique space that is only for you.<br> 

<b>Celebrate your special moments with Me and Mr. Leo photo frames</b><br>
<br>
This frame is designed to give a high-grade and magnificent look to any home interior, creating an elegant atmosphere to the home.
This frame is suitable to be placed on any surface to be freestanding by using the stand on the back of the frame. You can place it in your living room or hall to welcome guests."
Search Terms,5x7 inch Picture Frame bedroom decor office decor kitchen decor wedding gift birthday gift office desk decor entryway decor anniversary gift wall table sister gift nightstand decor entryway table decor unique home decor entry table decor foyer decor
Subject Matter 0,5x7 inch Picture Frame bedroom decor
Subject Matter 1,office decor kitchen decor wedding gift
Subject Matter 2,birthday gift office desk decor entryway decor
Subject Matter 3,anniversary gift wall table sister gift
Subject Matter 4,nightstand decor entryway table decor home decor
